ProtName	Design	Yang_R0_File	Yang_R1_File
CEBPB	TGGACA20NGA	ZeroCycle_ES0_TGGACA20NGA_0.txt.gz	CEBPB_ESW_TGGACA20NGA_1.txt.gz
CEBPD	TAATGA20NCG	ZeroCycle_ES0_TAATGA20NCG_0.txt.gz	CEBPD_ESY_TAATGA20NCG_1.txt.gz
E2F1	CAATT14N	ZeroCycle_ES0_CAATT14N_0.txt.gz	NA
EBF1	TATAAG20NCG	ZeroCycle_ES0_TATAAG20NCG_0.txt.gz	EBF1_ESAC_TATAAG20NCG_1.txt.gz
EGR1	TCTCTT20NGA	ZeroCycle_ES0_TCTCTT20NGA_0.txt.gz	EGR1_ESY_TCTCTT20NGA_1.txt.gz
ELF1	TGGGTA20NGA	ZeroCycle_ES0_TGGGTA20NGA_0.txt.gz	NA
ELK1	TGAGTG20NTGA	ZeroCycle_ES0_TGAGTG20NTGA_0.txt.gz	ELK1_ESAG_TGAGTG20NTGA_1.txt.gz
ETS1	TGTAAA20NGA	ZeroCycle_ES0_TGTAAA20NGA_0.txt.gz	ETS1_ESAF_TGTAAA20NGA_1.txt.gz
GABPA	TGGCCC20NCCT	ZeroCycle_ES0_TGGCCC20NCCT_0.txt.gz	GABPA_ESAG_TGGCCC20NCCT_1.txt.gz
GATA3	TGTCGT20NGA	ZeroCycle_ES0_TGTCGT20NGA_0.txt.gz	GATA3_ESAC_TGTCGT20NGA_1.txt.gz
IRF4	TCAAGG20NCG	ZeroCycle_ES0_TCAAGG20NCG_0.txt.gz	IRF4_ESAD_TCAAGG20NCG_1.txt.gz
MAFF	TGGAAT20NAAT	ZeroCycle_ES0_TGGAAT20NAAT_0.txt.gz	MAFF_ESZ_TGGAAT20NAAT_1.txt.gz
MAFK	TGCCTG30NTCC	ZeroCycle_ES0_TGCCTG30NTCC_0.txt.gz	MAFK_ESAI_TGCCTG30NTCC_1.txt.gz
MAX	TGACCT20NGA	ZeroCycle_ES0_TGACCT20NGA_0.txt.gz	MAX_ESY_TGACCT20NGA_1.txt.gz
MEF2A	TAATAG20NTA	ZeroCycle_ES0_TAATAG20NTA_0.txt.gz	MEF2A_ESQ_TAATAG20NTA_1.txt.gz
NFATC1	TTCGTA20NTGC	ZeroCycle_ES0_TTCGTA20NTGC_0.txt.gz	NFATC1_ESAE_TTCGTA20NTGC_1.txt.gz
NFE2	TGTAGG20NGA	ZeroCycle_ES0_TGTAGG20NGA_0.txt.gz	NFE2_ESAC_TGTAGG20NGA_1.txt.gz
NR2C2	TCGACT20NCAT	ZeroCycle_ES0_TCGACT20NCAT_0.txt.gz	NR2C2_ESZ_TCGACT20NCAT_1.txt.gz
NRF1	TAGCGA20NCG	ZeroCycle_ES0_TAGCGA20NCG_0.txt.gz	NRF1_ESAC_TAGCGA20NCG_1.txt.gz
PAX5	TACAGG20NGAC	ZeroCycle_ES0_TACAGG20NGAC_0.txt.gz	PAX5_ESY_TACAGG20NGAC_1.txt.gz
POU2F2	TGACAG20NGA	ZeroCycle_ES0_TGACAG20NGA_0.txt.gz	POU2F2_ESAC_TGACAG20NGA_1.txt.gz
POU5F1P1	TAGAGT20NGAT	ZeroCycle_ES0_TAGAGT20NGAT_0.txt.gz	POU5F1P1_ESY_TAGAGT20NGAT_1.txt.gz
RFX5	TGGAGC30NGAT	ZeroCycle_ES0_TGGAGC30NGAT_0.txt.gz	RFX5_ESAI_TGGAGC30NGAT_1.txt.gz
RUNX3	TCTCCC20NGA	ZeroCycle_ES0_TCTCCC20NGA_0.txt.gz	RUNX3_ESAE_TCTCCC20NGA_1.txt.gz
SP1	TCTATG20NGA	ZeroCycle_ES0_TCTATG20NGA_0.txt.gz	NA
TFAP2A	TTGCAC20NTA	ZeroCycle_ES0_TTGCAC20NTA_0.txt.gz	TFAP2A_ESAF_TTGCAC20NTA_1.txt.gz
TFAP2C	TCTACA20NCAG	ZeroCycle_ES0_TCTACA20NCAG_0.txt.gz	TFAP2C_ESY_TCTACA20NCAG_1.txt.gz
USF1	TGACGA20NGCA	ZeroCycle_ES0_TGACGA20NGCA_0.txt.gz	USF1_ESZ_TGACGA20NGCA_1.txt.gz
YY1	TCCGGC20NCG	ZeroCycle_ES0_TCCGGC20NCG_0.txt.gz	YY1_ESAC_TCCGGC20NCG_1.txt.gz
ZNF143	TGCAAG20NCG	ZeroCycle_ES0_TGCAAG20NCG_0.txt.gz	ZNF143_ESV_TGCAAG20NCG_1.txt.gz
